{
  "todo": [
    {
      "titre": "Apprendre Javascript version E6",
      "status": true,
      "id": 2
    },
    {
      "titre": "Apprendre react version 20",
      "status": true,
      "id": 5
    },
    {
      "titre": "dernier test modification",
      "status": true,
      "id": 7
    },
    {
      "titre": "ajouter une nouvelle",
      "status": true,
      "id": 9
    },
    {
      "titre": "coucou",
      "status": true,
      "id": 10
    },
    {
      "titre": "tester finaux",
      "status": false,
      "id": 11
    },
    {
      "titre": "tutu chapeau pointu",
      "status": false,
      "id": 12
    },
    {
      "titre": "blabal",
      "status": false,
      "id": 13
    },
    {
      "titre": "non barré",
      "status": true,
      "id": 14
    }
  ]
}