{
  "users": [
    {
      "id": 1,
      "login": "toto",
      "password": "Azerty1234"
    }
  ],
  "articles": [
    {
      "id": 2,
      "titre": "article 2 modifié coucou salut",
      "body": "Lorem ipsum \navec \ndes sauts de lignes"
    },
    {
      "id": 5,
      "titre": "nouveau test modification coucouc",
      "body": "coucou les amis !!\navec un saut de \nligne\nfoezihfzoeuh"
    },
    {
      "id": 8,
      "titre": "coucou les amis tutu",
      "body": "comment allez vous maintenant ??"
    },
    {
      "titre": "blablabla",
      "body": "coucoucoucouc",
      "id": 10
    },
    {
      "titre": "nouveau test",
      "body": "encore un test pour effectuer l'insert",
      "id": 11
    },
    {
      "titre": "coucou",
      "body": "hello World !!",
      "id": 12
    },
    {
      "titre": "nouvel ",
      "body": "article",
      "id": 13
    },
    {
      "id": 14,
      "titre": "coucou",
      "body": "article 2\n\nsed dolorem"
    },
    {
      "titre": "nouvelle journée",
      "body": "Présentation d'une API Rest",
      "id": 15
    }
  ]
}